generation,best_fitness,average_flow_time,best_individual_fitness
0,0.003798,NaN,0.003798
1,0.003818,NaN,0.003818
2,0.003832,NaN,0.003832
3,0.003879,NaN,0.003879
4,0.003879,NaN,0.003879
5,0.003879,NaN,0.003879
