generation,best_individual_fitness,mean_fitness,tree
0,368.80639050030936,Infinity,"(* (exp PT) SLACK)"
1,368.80639050030936,359538626972463100000000000000000000000000000000000000000000000000000000000000000000000000000000000000000000000000000000000000000000000000000000000000000000000000000000000000000000000000000000000000000000000000000000000000000000000000000000000000000000000000000000000000000000000000000000000000000000000000.00000,"(* (exp PT) SLACK)"
